{
    "Los Angeles, CA": [
        34.0536909,
        -118.242766
    ],
    "Sofia, Bulgaria": [
        42.6977028,
        23.3217359
    ],
    "Berkeley CA, USA": [
        37.8708393,
        -122.272863
    ],
    "Venice, Italy": [
        45.4371908,
        12.3345898
    ]
}